[{"model": "requests.category", "pk": 19, "fields": {"name": "Открытый люк на дороге", "resolution_days": 2, "responsible_person": null}}, {"model": "requests.category", "pk": 20, "fields": {"name": "Отключение электричества", "resolution_days": 2, "responsible_person": null}}, {"model": "requests.category", "pk": 21, "fields": {"name": "Консультация по компетенции", "resolution_days": 2, "responsible_person": null}}, {"model": "requests.category", "pk": 22, "fields": {"name": "Вывоз ТБО (либо уборка после)", "resolution_days": 3, "responsible_person": null}}, {"model": "requests.category", "pk": 23, "fields": {"name": "Уборка дворов (сан. очистка)", "resolution_days": 3, "responsible_person": null}}, {"model": "requests.category", "pk": 24, "fields": {"name": "Вывоз валки", "resolution_days": 3, "responsible_person": null}}, {"model": "requests.category", "pk": 25, "fields": {"name": "Вывоз веток", "resolution_days": 5, "responsible_person": null}}, {"model": "requests.category", "pk": 26, "fields": {"name": "Ремонт и содержание автополива", "resolution_days": 5, "responsible_person": null}}, {"model": "requests.category", "pk": 27, "fields": {"name": "Освещение не работает", "resolution_days": 5, "responsible_person": null}}, {"model": "requests.category", "pk": 28, "fields": {"name": "Уборка улиц (сан. очистка)", "resolution_days": 5, "responsible_person": null}}, {"model": "requests.category", "pk": 29, "fields": {"name": "Санитарная обрезка", "resolution_days": 10, "responsible_person": null}}, {"model": "requests.category", "pk": 30, "fields": {"name": "Валка сухих/аварийных деревьев", "resolution_days": 10, "responsible_person": null}}, {"model": "requests.category", "pk": 31, "fields": {"name": "Ремонт детских элементов", "resolution_days": 10, "responsible_person": null}}, {"model": "requests.category", "pk": 32, "fields": {"name": "Другие вопросы", "resolution_days": 5, "responsible_person": null}}, {"model": "requests.application", "pk": 15, "fields": {"category": 22, "creator": "shahruhabd", "telegram_id": null, "comment": null, "created_at": "2024-10-18T11:11:36.012Z", "description": "На улице Кунаева много мусора", "status": "DRAFT"}}, {"model": "requests.application", "pk": 16, "fields": {"category": 22, "creator": "dserik14", "telegram_id": null, "comment": null, "created_at": "2024-10-18T11:19:56.795Z", "description": "Мусор в Париже", "status": "DRAFT"}}, {"model": "requests.application", "pk": 17, "fields": {"category": 22, "creator": "shahruhabd", "telegram_id": null, "comment": null, "created_at": "2024-10-18T11:20:59.935Z", "description": "Арык грязный", "status": "DRAFT"}}, {"model": "requests.application", "pk": 18, "fields": {"category": 22, "creator": "shahruhabd", "telegram_id": null, "comment": null, "created_at": "2024-10-18T11:23:11.064Z", "description": "Проблему решили", "status": "DRAFT"}}, {"model": "requests.application", "pk": 19, "fields": {"category": 22, "creator": "shahruhabd", "telegram_id": null, "comment": null, "created_at": "2024-10-18T11:29:59.898Z", "description": "сломана качеля, ребенок упал", "status": "DRAFT"}}, {"model": "requests.application", "pk": 20, "fields": {"category": 31, "creator": "shahruhabd", "telegram_id": null, "comment": null, "created_at": "2024-10-18T12:02:05.691Z", "description": "сломана качеля, ребенок упал", "status": "DRAFT"}}, {"model": "requests.application", "pk": 21, "fields": {"category": 19, "creator": "shahruhabd", "telegram_id": null, "comment": null, "created_at": "2024-10-18T12:03:52.249Z", "description": "открыт люк по среди дороги", "status": "DRAFT"}}, {"model": "requests.application", "pk": 22, "fields": {"category": 20, "creator": "shahruhabd", "telegram_id": null, "comment": null, "created_at": "2024-10-18T12:05:07.489Z", "description": "нет света дома уже 4 час, когда вернут?", "status": "DRAFT"}}, {"model": "requests.application", "pk": 23, "fields": {"category": 31, "creator": "shahruhabd", "telegram_id": null, "comment": null, "created_at": "2024-10-18T12:13:56.129Z", "description": "Деревья нужно обрезать", "status": "DRAFT"}}, {"model": "requests.application", "pk": 24, "fields": {"category": 31, "creator": "shahruhabd", "telegram_id": null, "comment": null, "created_at": "2024-10-18T12:30:41.040Z", "description": "На абая нужно дерево свалить", "status": "DRAFT"}}, {"model": "requests.application", "pk": 25, "fields": {"category": 30, "creator": "shahruhabd", "telegram_id": null, "comment": "", "created_at": "2024-10-18T12:36:29.864Z", "description": "Дерево огромное криво растет, нужно подрезать", "status": "APPROVED"}}, {"model": "requests.application", "pk": 26, "fields": {"category": 27, "creator": "shahruhabd", "telegram_id": null, "comment": null, "created_at": "2024-10-19T07:10:13.668Z", "description": "нет света на улицу", "status": "DRAFT"}}, {"model": "requests.application", "pk": 27, "fields": {"category": 31, "creator": "pandaqz", "telegram_id": null, "comment": null, "created_at": "2024-10-19T07:11:58.361Z", "description": "Собрание жильцов, 123", "status": "DRAFT"}}, {"model": "requests.application", "pk": 28, "fields": {"category": 31, "creator": "shahruhabd", "telegram_id": null, "comment": null, "created_at": "2024-10-19T07:44:45.482Z", "description": "Требуется образка деревьев", "status": "DRAFT"}}, {"model": "requests.application", "pk": 29, "fields": {"category": 19, "creator": "shahruhabd", "telegram_id": null, "comment": null, "created_at": "2024-10-19T07:47:39.445Z", "description": "открытый люк на дороге", "status": "DRAFT"}}, {"model": "requests.application", "pk": 30, "fields": {"category": 27, "creator": "shahruhabd", "telegram_id": "588139155", "comment": null, "created_at": "2024-10-19T08:00:21.548Z", "description": "нет света на толе би", "status": "DRAFT"}}, {"model": "requests.application", "pk": 31, "fields": {"category": 31, "creator": "shahruhabd", "telegram_id": "588139155", "comment": null, "created_at": "2024-10-19T08:20:45.368Z", "description": "валка деревьев", "status": "DRAFT"}}, {"model": "requests.application", "pk": 32, "fields": {"category": 30, "creator": "shahruhabd", "telegram_id": "588139155", "comment": null, "created_at": "2024-10-19T08:32:34.159Z", "description": "нужно обрезать деревья на Абая", "status": "DRAFT"}}, {"model": "requests.application", "pk": 33, "fields": {"category": 22, "creator": "shahruhabd", "telegram_id": "588139155", "comment": null, "created_at": "2024-10-19T08:33:23.684Z", "description": "Сейфуллина нет света", "status": "DRAFT"}}, {"model": "requests.application", "pk": 34, "fields": {"category": 31, "creator": "shahruhabd", "telegram_id": "588139155", "comment": null, "created_at": "2024-10-19T10:56:32.583Z", "description": "валка деревьев на Абая", "status": "DRAFT"}}, {"model": "requests.mediafile", "pk": 36, "fields": {"application": 15, "file": "photos/AgACAgIAAxkBAAN0ZxJBvUlsURGyDFBvc3I2eORsC5sAAv3iMRu5bJFIIcAJtzcetkQBAAMCAANzAAM2BA.jpg", "media_type": "photo"}}, {"model": "requests.mediafile", "pk": 37, "fields": {"application": 15, "file": "photos/AgACAgIAAxkBAAN0ZxJBvUlsURGyDFBvc3I2eORsC5sAAv3iMRu5bJFIIcAJtzcetkQBAAMCAANtAAM2BA.jpg", "media_type": "photo"}}, {"model": "requests.mediafile", "pk": 38, "fields": {"application": 15, "file": "photos/AgACAgIAAxkBAAN0ZxJBvUlsURGyDFBvc3I2eORsC5sAAv3iMRu5bJFIIcAJtzcetkQBAAMCAAN4AAM2BA.jpg", "media_type": "photo"}}, {"model": "requests.mediafile", "pk": 39, "fields": {"application": 15, "file": "photos/AgACAgIAAxkBAAN0ZxJBvUlsURGyDFBvc3I2eORsC5sAAv3iMRu5bJFIIcAJtzcetkQBAAMCAAN5AAM2BA.jpg", "media_type": "photo"}}, {"model": "requests.mediafile", "pk": 40, "fields": {"application": 16, "file": "photos/AgACAgIAAxkBAAN6ZxJDhAWq_dIndOOCunLrNzRmz1YAAgXjMRu5bJFI_rmTe4VnJm0BAAMCAANzAAM2BA.jpg", "media_type": "photo"}}, {"model": "requests.mediafile", "pk": 41, "fields": {"application": 16, "file": "photos/AgACAgIAAxkBAAN6ZxJDhAWq_dIndOOCunLrNzRmz1YAAgXjMRu5bJFI_rmTe4VnJm0BAAMCAANtAAM2BA.jpg", "media_type": "photo"}}, {"model": "requests.mediafile", "pk": 42, "fields": {"application": 16, "file": "photos/AgACAgIAAxkBAAN6ZxJDhAWq_dIndOOCunLrNzRmz1YAAgXjMRu5bJFI_rmTe4VnJm0BAAMCAAN4AAM2BA.jpg", "media_type": "photo"}}, {"model": "requests.mediafile", "pk": 43, "fields": {"application": 16, "file": "photos/AgACAgIAAxkBAAN6ZxJDhAWq_dIndOOCunLrNzRmz1YAAgXjMRu5bJFI_rmTe4VnJm0BAAMCAAN5AAM2BA.jpg", "media_type": "photo"}}, {"model": "requests.mediafile", "pk": 44, "fields": {"application": 17, "file": "photos/AgACAgIAAxkBAAOFZxJD8Vf93KKJ1eYhAebrsJuqIxcAAgzjMRu5bJFII0TKsAZqhjsBAAMCAANzAAM2BA.jpg", "media_type": "photo"}}, {"model": "requests.mediafile", "pk": 45, "fields": {"application": 17, "file": "photos/AgACAgIAAxkBAAOFZxJD8Vf93KKJ1eYhAebrsJuqIxcAAgzjMRu5bJFII0TKsAZqhjsBAAMCAANtAAM2BA.jpg", "media_type": "photo"}}, {"model": "requests.mediafile", "pk": 46, "fields": {"application": 17, "file": "photos/AgACAgIAAxkBAAOFZxJD8Vf93KKJ1eYhAebrsJuqIxcAAgzjMRu5bJFII0TKsAZqhjsBAAMCAAN4AAM2BA.jpg", "media_type": "photo"}}, {"model": "requests.mediafile", "pk": 47, "fields": {"application": 17, "file": "photos/AgACAgIAAxkBAAOFZxJD8Vf93KKJ1eYhAebrsJuqIxcAAgzjMRu5bJFII0TKsAZqhjsBAAMCAAN5AAM2BA.jpg", "media_type": "photo"}}, {"model": "requests.mediafile", "pk": 48, "fields": {"application": 18, "file": "photos/AgACAgIAAxkBAAN0ZxJBvUlsURGyDFBvc3I2eORsC5sAAv3iMRu5bJFIIcAJtzcetkQBAAMCAAN5AAM2BA.jpg", "media_type": "photo"}}, {"model": "requests.mediafile", "pk": 49, "fields": {"application": 19, "file": "photos/AgACAgIAAxkBAAONZxJGDciTc4XOJUenGVLniNlMrRoAAi7jMRu5bJFI8a_1FeNhTWkBAAMCAANtAAM2BA.jpg", "media_type": "photo"}}, {"model": "requests.mediafile", "pk": 50, "fields": {"application": 20, "file": "photos/AgACAgIAAxkBAAONZxJGDciTc4XOJUenGVLniNlMrRoAAi7jMRu5bJFI8a_1FeNhTWkBAAMCAANtAAM2BA.jpg", "media_type": "photo"}}, {"model": "requests.mediafile", "pk": 51, "fields": {"application": 21, "file": "photos/AgACAgIAAxkBAAOTZxJN_XI4ZK0Fhzq1zD58sR-Pon4AAmPjMRu5bJFIcP7ZoSRMFU8BAAMCAANtAAM2BA.jpg", "media_type": "photo"}}, {"model": "requests.mediafile", "pk": 52, "fields": {"application": 22, "file": "photos/AgACAgIAAxkBAAOWZxJOSRaJWdEqF21MeebZGs5gC74AAmfjMRu5bJFI_rATPgRIw6EBAAMCAANtAAM2BA.jpg", "media_type": "photo"}}, {"model": "requests.mediafile", "pk": 53, "fields": {"application": 23, "file": "photos/AgACAgIAAxkBAAOYZxJQWYkhkzJkSpJpDiAsiBHj5f8AAnLjMRu5bJFI9kdE5Dv9mpEBAAMCAANtAAM2BA.jpg", "media_type": "photo"}}, {"model": "requests.mediafile", "pk": 54, "fields": {"application": 24, "file": "photos/AgACAgIAAxkBAAObZxJURvRDEGRJsf9ZR0SNMpssR2AAAqTjMRu5bJFIR5rSYj84MsEBAAMCAANtAAM2BA.jpg", "media_type": "photo"}}, {"model": "requests.mediafile", "pk": 55, "fields": {"application": 25, "file": "photos/AgACAgIAAxkBAAObZxJURvRDEGRJsf9ZR0SNMpssR2AAAqTjMRu5bJFIR5rSYj84MsEBAAMCAANtAAM2BA.jpg", "media_type": "photo"}}, {"model": "requests.mediafile", "pk": 56, "fields": {"application": 26, "file": "photos/AgACAgIAAxkBAAOWZxJOSRaJWdEqF21MeebZGs5gC74AAmfjMRu5bJFI_rATPgRIw6EBAAMCAANtAAM2BA.jpg", "media_type": "photo"}}, {"model": "requests.mediafile", "pk": 57, "fields": {"application": 27, "file": "photos/AgACAgIAAxkBAAOmZxNbEIp3aJ8Grwqw_7bataahlAcAAhLhMRsLzaFIPJFYu9qf86IBAAMCAAN5AAM2BA.jpg", "media_type": "photo"}}, {"model": "requests.mediafile", "pk": 58, "fields": {"application": 28, "file": "photos/AgACAgIAAxkBAAOYZxJQWYkhkzJkSpJpDiAsiBHj5f8AAnLjMRu5bJFI9kdE5Dv9mpEBAAMCAANtAAM2BA.jpg", "media_type": "photo"}}, {"model": "requests.mediafile", "pk": 59, "fields": {"application": 29, "file": "photos/AgACAgIAAxkBAAOTZxJN_XI4ZK0Fhzq1zD58sR-Pon4AAmPjMRu5bJFIcP7ZoSRMFU8BAAMCAANtAAM2BA.jpg", "media_type": "photo"}}, {"model": "requests.mediafile", "pk": 60, "fields": {"application": 30, "file": "photos/AgACAgIAAxkBAAOWZxJOSRaJWdEqF21MeebZGs5gC74AAmfjMRu5bJFI_rATPgRIw6EBAAMCAANtAAM2BA.jpg", "media_type": "photo"}}, {"model": "requests.mediafile", "pk": 61, "fields": {"application": 31, "file": "photos/AgACAgIAAxkBAAObZxJURvRDEGRJsf9ZR0SNMpssR2AAAqTjMRu5bJFIR5rSYj84MsEBAAMCAANtAAM2BA.jpg", "media_type": "photo"}}, {"model": "requests.mediafile", "pk": 62, "fields": {"application": 32, "file": "photos/AgACAgIAAxkBAAOYZxJQWYkhkzJkSpJpDiAsiBHj5f8AAnLjMRu5bJFI9kdE5Dv9mpEBAAMCAANtAAM2BA.jpg", "media_type": "photo"}}, {"model": "requests.mediafile", "pk": 63, "fields": {"application": 33, "file": "photos/AgACAgIAAxkBAAObZxJURvRDEGRJsf9ZR0SNMpssR2AAAqTjMRu5bJFIR5rSYj84MsEBAAMCAANtAAM2BA.jpg", "media_type": "photo"}}, {"model": "requests.mediafile", "pk": 64, "fields": {"application": 34, "file": "photos/AgACAgIAAxkBAAObZxJURvRDEGRJsf9ZR0SNMpssR2AAAqTjMRu5bJFIR5rSYj84MsEBAAMCAANtAAM2BA.jpg", "media_type": "photo"}}, {"model": "requests.messagetemplate", "pk": 1, "fields": {"category": 22, "message": "Не вывозят мусор второй день"}}, {"model": "requests.messagetemplate", "pk": 2, "fields": {"category": 22, "message": "Мусор на улице не убран"}}, {"model": "requests.messagetemplate", "pk": 3, "fields": {"category": 22, "message": "Нужно вывести мусор после праздника"}}, {"model": "requests.messagetemplate", "pk": 4, "fields": {"category": 22, "message": "Где обещанный вывоз ТБО?"}}, {"model": "requests.messagetemplate", "pk": 5, "fields": {"category": 22, "message": "Контейнеры полные, нужен вывоз ТБО"}}, {"model": "requests.messagetemplate", "pk": 6, "fields": {"category": 22, "message": "Мусор из контейнеров не вывозят"}}, {"model": "requests.messagetemplate", "pk": 7, "fields": {"category": 22, "message": "Контейнеры с мусором полные, когда будет вывоз?"}}, {"model": "requests.messagetemplate", "pk": 8, "fields": {"category": 22, "message": "Мусор давно не вывозят, двор грязный."}}, {"model": "requests.messagetemplate", "pk": 9, "fields": {"category": 22, "message": "Требуется срочная уборка мусора возле дома."}}, {"model": "requests.messagetemplate", "pk": 10, "fields": {"category": 22, "message": "Прошу организовать вывоз мусора."}}, {"model": "requests.messagetemplate", "pk": 11, "fields": {"category": 22, "message": "Мусорный бак переполнен, мусор разлетается по улице."}}, {"model": "requests.messagetemplate", "pk": 12, "fields": {"category": 32, "message": "У меня есть вопрос по благоустройству района."}}, {"model": "requests.messagetemplate", "pk": 13, "fields": {"category": 32, "message": "Нужен ответ на важный вопрос по поводу инфраструктуры."}}, {"model": "requests.messagetemplate", "pk": 14, "fields": {"category": 32, "message": "Какие изменения планируются в нашем районе?"}}, {"model": "requests.messagetemplate", "pk": 15, "fields": {"category": 26, "message": "Не работает система автополива на улице."}}, {"model": "requests.messagetemplate", "pk": 16, "fields": {"category": 26, "message": "Требуется ремонт системы автополива в парке."}}, {"model": "requests.messagetemplate", "pk": 17, "fields": {"category": 26, "message": "Автополив не функционирует, просьба починить."}}, {"model": "requests.messagetemplate", "pk": 18, "fields": {"category": 31, "message": "Детские качели сломаны, нужно починить."}}, {"model": "requests.messagetemplate", "pk": 19, "fields": {"category": 31, "message": "Во дворе сломался игровой элемент, просьба отремонтировать."}}, {"model": "requests.messagetemplate", "pk": 20, "fields": {"category": 31, "message": "Когда починят детские горки?"}}, {"model": "requests.messagetemplate", "pk": 21, "fields": {"category": 29, "message": "Требуется обрезка деревьев возле дома."}}, {"model": "requests.messagetemplate", "pk": 22, "fields": {"category": 29, "message": "Деревья нужно обрезать, они закрывают свет."}}, {"model": "requests.messagetemplate", "pk": 23, "fields": {"category": 29, "message": "Необходима санитарная обрезка старых деревьев."}}, {"model": "requests.messagetemplate", "pk": 24, "fields": {"category": 24, "message": "Произведите вывоз валки деревьев."}}, {"model": "requests.messagetemplate", "pk": 25, "fields": {"category": 24, "message": "После валки деревьев остались стволы, нужно вывезти."}}, {"model": "requests.messagetemplate", "pk": 26, "fields": {"category": 24, "message": "Валка произведена, но стволы до сих пор лежат."}}, {"model": "requests.messagetemplate", "pk": 27, "fields": {"category": 28, "message": "Улицы не убираются, грязь на тротуарах."}}, {"model": "requests.messagetemplate", "pk": 28, "fields": {"category": 28, "message": "Когда будет произведена уборка улиц?"}}, {"model": "requests.messagetemplate", "pk": 29, "fields": {"category": 28, "message": "Много мусора на улице, требуется санитарная очистка."}}, {"model": "requests.messagetemplate", "pk": 30, "fields": {"category": 25, "message": "Когда произведут вывоз веток после обрезки деревьев?"}}, {"model": "requests.messagetemplate", "pk": 31, "fields": {"category": 25, "message": "Ветки после обрезки деревьев лежат на земле, нужно вывезти."}}, {"model": "requests.messagetemplate", "pk": 32, "fields": {"category": 25, "message": "Во дворе скопились ветки, просьба вывезти."}}, {"model": "requests.messagetemplate", "pk": 33, "fields": {"category": 22, "message": "Не вывозят мусор второй день"}}, {"model": "requests.messagetemplate", "pk": 34, "fields": {"category": 22, "message": "Мусор на улице не убран"}}, {"model": "requests.messagetemplate", "pk": 35, "fields": {"category": 22, "message": "Нужно вывести мусор после праздника"}}, {"model": "requests.messagetemplate", "pk": 36, "fields": {"category": 22, "message": "Где обещанный вывоз ТБО?"}}, {"model": "requests.messagetemplate", "pk": 37, "fields": {"category": 22, "message": "Контейнеры полные, нужен вывоз ТБО"}}, {"model": "requests.messagetemplate", "pk": 38, "fields": {"category": 22, "message": "Мусор из контейнеров не вывозят"}}, {"model": "requests.messagetemplate", "pk": 39, "fields": {"category": 22, "message": "Контейнеры с мусором полные, когда будет вывоз?"}}, {"model": "requests.messagetemplate", "pk": 40, "fields": {"category": 22, "message": "Мусор давно не вывозят, двор грязный."}}, {"model": "requests.messagetemplate", "pk": 41, "fields": {"category": 22, "message": "Требуется срочная уборка мусора возле дома."}}, {"model": "requests.messagetemplate", "pk": 42, "fields": {"category": 22, "message": "Прошу организовать вывоз мусора."}}, {"model": "requests.messagetemplate", "pk": 43, "fields": {"category": 22, "message": "Мусорный бак переполнен, мусор разлетается по улице."}}, {"model": "requests.messagetemplate", "pk": 44, "fields": {"category": 20, "message": "Отключили электричество на улице"}}, {"model": "requests.messagetemplate", "pk": 45, "fields": {"category": 20, "message": "Нет света уже третий день"}}, {"model": "requests.messagetemplate", "pk": 46, "fields": {"category": 20, "message": "Электричество отключено в нашем районе"}}, {"model": "requests.messagetemplate", "pk": 47, "fields": {"category": 20, "message": "Когда вернут свет?"}}, {"model": "requests.messagetemplate", "pk": 48, "fields": {"category": 20, "message": "Нет электричества в доме"}}, {"model": "requests.messagetemplate", "pk": 49, "fields": {"category": 20, "message": "Пропал свет в квартире"}}, {"model": "requests.messagetemplate", "pk": 50, "fields": {"category": 20, "message": "Света нет уже несколько часов."}}, {"model": "requests.messagetemplate", "pk": 51, "fields": {"category": 20, "message": "Когда восстановят подачу электроэнергии?"}}, {"model": "requests.messagetemplate", "pk": 52, "fields": {"category": 20, "message": "У нас аварийное отключение электричества."}}, {"model": "requests.messagetemplate", "pk": 53, "fields": {"category": 20, "message": "В нашем доме уже сутки нет света."}}, {"model": "requests.messagetemplate", "pk": 54, "fields": {"category": 20, "message": "Когда будет включено электричество?"}}, {"model": "requests.messagetemplate", "pk": 55, "fields": {"category": 21, "message": "Нужна консультация по вопросам благоустройства"}}, {"model": "requests.messagetemplate", "pk": 56, "fields": {"category": 21, "message": "Можно получить консультацию по ремонту?"}}, {"model": "requests.messagetemplate", "pk": 57, "fields": {"category": 21, "message": "Консультация по вопросам города нужна"}}, {"model": "requests.messagetemplate", "pk": 58, "fields": {"category": 21, "message": "Как получить консультацию по благоустройству?"}}, {"model": "requests.messagetemplate", "pk": 59, "fields": {"category": 21, "message": "Требуется консультация по строительным вопросам"}}, {"model": "requests.messagetemplate", "pk": 60, "fields": {"category": 21, "message": "Консультация по текущим вопросам благоустройства"}}, {"model": "requests.messagetemplate", "pk": 61, "fields": {"category": 21, "message": "Как обратиться за консультацией по вопросам ЖКХ?"}}, {"model": "requests.messagetemplate", "pk": 62, "fields": {"category": 21, "message": "Мне нужна помощь в решении жилищных вопросов."}}, {"model": "requests.messagetemplate", "pk": 63, "fields": {"category": 21, "message": "Куда обратиться по поводу благоустройства?"}}, {"model": "requests.messagetemplate", "pk": 64, "fields": {"category": 21, "message": "Нужна консультация по работе ЖКХ."}}, {"model": "requests.messagetemplate", "pk": 65, "fields": {"category": 21, "message": "Как можно проконсультироваться по вопросу уборки?"}}, {"model": "requests.messagetemplate", "pk": 66, "fields": {"category": 19, "message": "Открытый люк на дороге"}}, {"model": "requests.messagetemplate", "pk": 67, "fields": {"category": 19, "message": "Люк без крышки на улице Сейфуллина"}}, {"model": "requests.messagetemplate", "pk": 68, "fields": {"category": 19, "message": "На дороге открыт люк, опасно"}}, {"model": "requests.messagetemplate", "pk": 69, "fields": {"category": 19, "message": "Люк на дороге не закрыт, это опасно"}}, {"model": "requests.messagetemplate", "pk": 70, "fields": {"category": 19, "message": "Открытый люк на тротуаре"}}, {"model": "requests.messagetemplate", "pk": 71, "fields": {"category": 19, "message": "Люк не закрыт на улице Абая"}}, {"model": "requests.messagetemplate", "pk": 72, "fields": {"category": 19, "message": "На улице Водозаборная открыт люк."}}, {"model": "requests.messagetemplate", "pk": 73, "fields": {"category": 19, "message": "На тротуаре по улице Сейфуллина открыт люк."}}, {"model": "requests.messagetemplate", "pk": 74, "fields": {"category": 19, "message": "Не закрыт люк у дома №35."}}, {"model": "requests.messagetemplate", "pk": 75, "fields": {"category": 19, "message": "Люк на дороге открыт, это опасно."}}, {"model": "requests.messagetemplate", "pk": 76, "fields": {"category": 19, "message": "Прошу закрыть люк на проезжей части."}}, {"model": "requests.messagetemplate", "pk": 77, "fields": {"category": 27, "message": "Не работает освещение в парке"}}, {"model": "requests.messagetemplate", "pk": 78, "fields": {"category": 27, "message": "Лампы на улице перегорели"}}, {"model": "requests.messagetemplate", "pk": 79, "fields": {"category": 27, "message": "Освещение не работает, темно"}}, {"model": "requests.messagetemplate", "pk": 80, "fields": {"category": 27, "message": "Не горят уличные фонари"}}, {"model": "requests.messagetemplate", "pk": 81, "fields": {"category": 27, "message": "Нет света на детской площадке"}}, {"model": "requests.messagetemplate", "pk": 82, "fields": {"category": 27, "message": "Освещение на улице отсутствует"}}, {"model": "requests.messagetemplate", "pk": 83, "fields": {"category": 27, "message": "У нас во дворе не работает фонарь."}}, {"model": "requests.messagetemplate", "pk": 84, "fields": {"category": 27, "message": "На улице нет освещения, темно и страшно."}}, {"model": "requests.messagetemplate", "pk": 85, "fields": {"category": 27, "message": "Фонари не горят на главной улице."}}, {"model": "requests.messagetemplate", "pk": 86, "fields": {"category": 27, "message": "Лампы перегорели, нужно починить освещение."}}, {"model": "requests.messagetemplate", "pk": 87, "fields": {"category": 27, "message": "Когда починят освещение на детской площадке?"}}, {"model": "requests.messagetemplate", "pk": 88, "fields": {"category": 23, "message": "Дворы не убираются, очень грязно"}}, {"model": "requests.messagetemplate", "pk": 89, "fields": {"category": 23, "message": "Уборка дворов не проведена"}}, {"model": "requests.messagetemplate", "pk": 90, "fields": {"category": 23, "message": "Дворы засыпаны мусором, нужна уборка"}}, {"model": "requests.messagetemplate", "pk": 91, "fields": {"category": 23, "message": "Грязь и мусор во дворах, нужна уборка"}}, {"model": "requests.messagetemplate", "pk": 92, "fields": {"category": 23, "message": "Дворы не убраны, мусорные баки переполнены"}}, {"model": "requests.messagetemplate", "pk": 93, "fields": {"category": 23, "message": "Во дворе не убирались неделю"}}, {"model": "requests.messagetemplate", "pk": 94, "fields": {"category": 23, "message": "Во дворе давно не убирались, везде грязь."}}, {"model": "requests.messagetemplate", "pk": 95, "fields": {"category": 23, "message": "Нужна уборка во дворах, всё засыпано мусором."}}, {"model": "requests.messagetemplate", "pk": 96, "fields": {"category": 23, "message": "Во дворах не убрано, много мусора."}}, {"model": "requests.messagetemplate", "pk": 97, "fields": {"category": 23, "message": "Во дворе лежит мусор, нужна уборка."}}, {"model": "requests.messagetemplate", "pk": 98, "fields": {"category": 23, "message": "У нас во дворе не убрано, когда будет уборка?"}}, {"model": "requests.messagetemplate", "pk": 99, "fields": {"category": 30, "message": "Во дворе нужно спилить сухие деревья"}}, {"model": "requests.messagetemplate", "pk": 100, "fields": {"category": 30, "message": "Деревья аварийные, необходимо удалить"}}, {"model": "requests.messagetemplate", "pk": 101, "fields": {"category": 30, "message": "Опасные деревья нужно срубить"}}, {"model": "requests.messagetemplate", "pk": 102, "fields": {"category": 30, "message": "Сухие деревья представляют опасность, нужно срубить"}}, {"model": "requests.messagetemplate", "pk": 103, "fields": {"category": 30, "message": "Нужно удалить аварийные деревья"}}, {"model": "requests.messagetemplate", "pk": 104, "fields": {"category": 30, "message": "Во дворе валяются упавшие деревья, их нужно убрать"}}, {"model": "requests.messagetemplate", "pk": 105, "fields": {"category": 30, "message": "Сухие деревья во дворе нужно убрать."}}, {"model": "requests.messagetemplate", "pk": 106, "fields": {"category": 30, "message": "Опасные деревья в парке, могут упасть."}}, {"model": "requests.messagetemplate", "pk": 107, "fields": {"category": 30, "message": "Необходимо срубить сухие деревья."}}, {"model": "requests.messagetemplate", "pk": 108, "fields": {"category": 30, "message": "Прошу срубить аварийные деревья на улице."}}, {"model": "requests.messagetemplate", "pk": 109, "fields": {"category": 30, "message": "Сухие деревья представляют опасность, их нужно удалить."}}, {"model": "requests.messagetemplate", "pk": 110, "fields": {"category": 31, "message": "Ломается качель на детской площадке, нужно срочно починить."}}, {"model": "requests.messagetemplate", "pk": 111, "fields": {"category": 31, "message": "Карусель на детской площадке сломана, дети не могут играть."}}, {"model": "requests.messagetemplate", "pk": 112, "fields": {"category": 31, "message": "Горка на детской площадке повреждена, требуется ремонт."}}, {"model": "requests.messagetemplate", "pk": 113, "fields": {"category": 31, "message": "На детской площадке порвалась защитная сетка на игровом комплексе, нужно заменить."}}, {"model": "requests.messagetemplate", "pk": 114, "fields": {"category": 31, "message": "Лестница на детском городке шатается, опасно для детей."}}, {"model": "requests.messagetemplate", "pk": 115, "fields": {"category": 31, "message": "Качели сильно скрипят, необходима смазка или ремонт."}}, {"model": "requests.messagetemplate", "pk": 116, "fields": {"category": 31, "message": "Песочница сломана, доски торчат и представляют опасность."}}, {"model": "requests.messagetemplate", "pk": 117, "fields": {"category": 31, "message": "Одно из сидений на качелях сломано, требуется замена."}}, {"model": "requests.messagetemplate", "pk": 118, "fields": {"category": 31, "message": "Разбитое стекло на игровой площадке, нужно срочно убрать и починить."}}, {"model": "requests.messagetemplate", "pk": 119, "fields": {"category": 31, "message": "На горке на детской площадке трещина, требуется ремонт, чтобы предотвратить травмы."}}, {"model": "requests.messagetemplate", "pk": 120, "fields": {"category": 31, "message": "Качели на детской площадке сломаны, необходимо починить. Площадка по адресу: ул. Абая, 25."}}, {"model": "requests.messagetemplate", "pk": 121, "fields": {"category": 31, "message": "Горка на детской площадке сломана, дети не могут ей пользоваться. Пожалуйста, отремонтируйте"}}, {"model": "requests.messagetemplate", "pk": 122, "fields": {"category": 31, "message": "В песочнице треснула одна из стенок, она стала небезопасной для детей. Требуется ремонт"}}, {"model": "requests.messagetemplate", "pk": 123, "fields": {"category": 31, "message": "Карусель на детской площадке плохо закреплена, есть риск травм. Прошу исправить"}}, {"model": "requests.messagetemplate", "pk": 124, "fields": {"category": 31, "message": "Спортивный комплекс на детской площадке заржавел, детям опасно его использовать. Необходим ремонт."}}, {"model": "requests.messagetemplate", "pk": 125, "fields": {"category": 31, "message": "На горке отсутствует несколько ступеней на лестнице, из-за чего дети не могут безопасно подниматься"}}, {"model": "requests.messagetemplate", "pk": 126, "fields": {"category": 31, "message": "Забор вокруг детской площадки разрушен, дети могут выбегать на дорогу. Прошу починить."}}, {"model": "requests.messagetemplate", "pk": 127, "fields": {"category": 29, "message": "обрезка сухих веток"}}, {"model": "requests.messagetemplate", "pk": 128, "fields": {"category": 29, "message": "На деревьях во дворе много сухих веток, их нужно обрезать для безопасности"}}, {"model": "requests.messagetemplate", "pk": 129, "fields": {"category": 29, "message": "Огромные ветки нависают над дорогой"}}, {"model": "requests.messagetemplate", "pk": 130, "fields": {"category": 29, "message": "Ветки деревьев нависают над проезжей частью, их необходимо обрезать, чтобы избежать аварий"}}, {"model": "requests.messagetemplate", "pk": 131, "fields": {"category": 29, "message": "Деревья закрывают окна"}}, {"model": "requests.messagetemplate", "pk": 132, "fields": {"category": 29, "message": "Ветки деревьев выросли так сильно, что закрывают окна в квартирах, нужно провести обрезку"}}, {"model": "requests.messagetemplate", "pk": 133, "fields": {"category": 22, "message": "Здравствуйте Это уже сегодня мусорка. Утром вывезли, вот за день. У нас 120 квартир в доме, это из других домов носят к нам. Решите вопрос мусорок, пожалуйста"}}, {"model": "requests.messagetemplate", "pk": 134, "fields": {"category": 30, "message": "Дерево наклонилось и может упасть"}}, {"model": "requests.messagetemplate", "pk": 135, "fields": {"category": 30, "message": "Дерево во дворе сильно наклонилось, оно может упасть. Нужно срочно его убрать"}}, {"model": "requests.messagetemplate", "pk": 136, "fields": {"category": 30, "message": "Упавшие деревья заблокировали проход"}}, {"model": "requests.messagetemplate", "pk": 137, "fields": {"category": 30, "message": "Сухие деревья у дороги мешают видимости"}}, {"model": "requests.messagetemplate", "pk": 138, "fields": {"category": 30, "message": "Сухие деревья возле дороги закрывают видимость для водителей, прошу срубить"}}, {"model": "requests.messagetemplate", "pk": 139, "fields": {"category": 30, "message": "Аварийные деревья могут упасть на линию электропередач"}}, {"model": "requests.messagetemplate", "pk": 140, "fields": {"category": 30, "message": "Деревья возле линии электропередач аварийные, могут упасть и повредить провода"}}, {"model": "requests.messagetemplate", "pk": 141, "fields": {"category": 30, "message": "Опасные деревья на детской площадке"}}, {"model": "requests.messagetemplate", "pk": 142, "fields": {"category": 30, "message": "На детской площадке много сухих деревьев, которые могут упасть. Нужно их удалить"}}, {"model": "admin.logentry", "pk": 1, "fields": {"action_time": "2024-10-16T10:38:41.832Z", "user": 1, "content_type": 7, "object_id": "1", "object_repr": "Освещение", "action_flag": 1, "change_message": "[{\"added\": {}}]"}}, {"model": "admin.logentry", "pk": 2, "fields": {"action_time": "2024-10-16T10:39:19.750Z", "user": 1, "content_type": 7, "object_id": "2", "object_repr": "Вывоз мусора", "action_flag": 1, "change_message": "[{\"added\": {}}]"}}, {"model": "admin.logentry", "pk": 3, "fields": {"action_time": "2024-10-16T10:39:31.762Z", "user": 1, "content_type": 7, "object_id": "3", "object_repr": "Жалоба на объекты предпринимательства", "action_flag": 1, "change_message": "[{\"added\": {}}]"}}, {"model": "admin.logentry", "pk": 4, "fields": {"action_time": "2024-10-16T10:39:41.321Z", "user": 1, "content_type": 7, "object_id": "4", "object_repr": "Ремонт арычных сетей", "action_flag": 1, "change_message": "[{\"added\": {}}]"}}, {"model": "admin.logentry", "pk": 5, "fields": {"action_time": "2024-10-16T10:39:53.432Z", "user": 1, "content_type": 7, "object_id": "5", "object_repr": "Содержание дворовой территории (санитарная очистка)", "action_flag": 1, "change_message": "[{\"added\": {}}]"}}, {"model": "admin.logentry", "pk": 6, "fields": {"action_time": "2024-10-16T10:40:09.578Z", "user": 1, "content_type": 7, "object_id": "6", "object_repr": "Восстановление мест разрытий", "action_flag": 1, "change_message": "[{\"added\": {}}]"}}, {"model": "admin.logentry", "pk": 7, "fields": {"action_time": "2024-10-16T10:40:21.604Z", "user": 1, "content_type": 7, "object_id": "7", "object_repr": "Санитарная обрезка", "action_flag": 1, "change_message": "[{\"added\": {}}]"}}, {"model": "admin.logentry", "pk": 8, "fields": {"action_time": "2024-10-16T10:41:09.858Z", "user": 1, "content_type": 7, "object_id": "8", "object_repr": "организация полива - арыки", "action_flag": 1, "change_message": "[{\"added\": {}}]"}}, {"model": "admin.logentry", "pk": 9, "fields": {"action_time": "2024-10-16T10:57:56.753Z", "user": 1, "content_type": 7, "object_id": "8", "object_repr": "организация полива - арыки", "action_flag": 3, "change_message": ""}}, {"model": "admin.logentry", "pk": 10, "fields": {"action_time": "2024-10-16T10:57:56.755Z", "user": 1, "content_type": 7, "object_id": "7", "object_repr": "Санитарная обрезка", "action_flag": 3, "change_message": ""}}, {"model": "admin.logentry", "pk": 11, "fields": {"action_time": "2024-10-16T10:57:56.757Z", "user": 1, "content_type": 7, "object_id": "6", "object_repr": "Восстановление мест разрытий", "action_flag": 3, "change_message": ""}}, {"model": "admin.logentry", "pk": 12, "fields": {"action_time": "2024-10-16T10:57:56.757Z", "user": 1, "content_type": 7, "object_id": "5", "object_repr": "Содержание дворовой территории (санитарная очистка)", "action_flag": 3, "change_message": ""}}, {"model": "admin.logentry", "pk": 13, "fields": {"action_time": "2024-10-16T10:57:56.761Z", "user": 1, "content_type": 7, "object_id": "4", "object_repr": "Ремонт арычных сетей", "action_flag": 3, "change_message": ""}}, {"model": "admin.logentry", "pk": 14, "fields": {"action_time": "2024-10-16T10:57:56.763Z", "user": 1, "content_type": 7, "object_id": "3", "object_repr": "Жалоба на объекты предпринимательства", "action_flag": 3, "change_message": ""}}, {"model": "admin.logentry", "pk": 15, "fields": {"action_time": "2024-10-16T10:57:56.763Z", "user": 1, "content_type": 7, "object_id": "2", "object_repr": "Вывоз мусора", "action_flag": 3, "change_message": ""}}, {"model": "admin.logentry", "pk": 16, "fields": {"action_time": "2024-10-16T10:57:56.764Z", "user": 1, "content_type": 7, "object_id": "1", "object_repr": "Освещение", "action_flag": 3, "change_message": ""}}, {"model": "admin.logentry", "pk": 17, "fields": {"action_time": "2024-10-16T10:58:14.213Z", "user": 1, "content_type": 7, "object_id": "9", "object_repr": "Вывоз ТБО", "action_flag": 1, "change_message": "[{\"added\": {}}]"}}, {"model": "admin.logentry", "pk": 18, "fields": {"action_time": "2024-10-16T10:58:22.359Z", "user": 1, "content_type": 7, "object_id": "10", "object_repr": "Санитарная обрезка", "action_flag": 1, "change_message": "[{\"added\": {}}]"}}, {"model": "admin.logentry", "pk": 19, "fields": {"action_time": "2024-10-16T10:58:29.296Z", "user": 1, "content_type": 7, "object_id": "11", "object_repr": "Освещение - не работает", "action_flag": 1, "change_message": "[{\"added\": {}}]"}}, {"model": "admin.logentry", "pk": 20, "fields": {"action_time": "2024-10-16T10:58:38.694Z", "user": 1, "content_type": 7, "object_id": "12", "object_repr": "Не убранные улицы (санитарная очистка)", "action_flag": 1, "change_message": "[{\"added\": {}}]"}}, {"model": "admin.logentry", "pk": 21, "fields": {"action_time": "2024-10-16T10:58:44.645Z", "user": 1, "content_type": 7, "object_id": "13", "object_repr": "Ремонт и содержание автополива", "action_flag": 1, "change_message": "[{\"added\": {}}]"}}, {"model": "admin.logentry", "pk": 22, "fields": {"action_time": "2024-10-16T10:58:51.256Z", "user": 1, "content_type": 7, "object_id": "14", "object_repr": "Содержание дворовой территории (санитарная очистка)", "action_flag": 1, "change_message": "[{\"added\": {}}]"}}, {"model": "admin.logentry", "pk": 23, "fields": {"action_time": "2024-10-16T10:58:56.546Z", "user": 1, "content_type": 7, "object_id": "15", "object_repr": "Не убранные арычные сети", "action_flag": 1, "change_message": "[{\"added\": {}}]"}}, {"model": "admin.logentry", "pk": 24, "fields": {"action_time": "2024-10-16T10:59:01.888Z", "user": 1, "content_type": 7, "object_id": "16", "object_repr": "Ремонт тротуаров", "action_flag": 1, "change_message": "[{\"added\": {}}]"}}, {"model": "admin.logentry", "pk": 25, "fields": {"action_time": "2024-10-16T10:59:08.622Z", "user": 1, "content_type": 7, "object_id": "17", "object_repr": "Ремонт детских элементов", "action_flag": 1, "change_message": "[{\"added\": {}}]"}}, {"model": "admin.logentry", "pk": 26, "fields": {"action_time": "2024-10-16T10:59:16.194Z", "user": 1, "content_type": 7, "object_id": "18", "object_repr": "Организация полива - вручную", "action_flag": 1, "change_message": "[{\"added\": {}}]"}}, {"model": "admin.logentry", "pk": 27, "fields": {"action_time": "2024-10-16T11:34:23.783Z", "user": 1, "content_type": 7, "object_id": "19", "object_repr": "Открытый люк на дороге", "action_flag": 1, "change_message": "[{\"added\": {}}]"}}, {"model": "admin.logentry", "pk": 28, "fields": {"action_time": "2024-10-16T11:34:38.625Z", "user": 1, "content_type": 7, "object_id": "20", "object_repr": "Отключение электричества", "action_flag": 1, "change_message": "[{\"added\": {}}]"}}, {"model": "admin.logentry", "pk": 29, "fields": {"action_time": "2024-10-16T11:35:05.809Z", "user": 1, "content_type": 7, "object_id": "14", "object_repr": "Содержание дворовой территории (санитарная очистка)", "action_flag": 3, "change_message": ""}}, {"model": "admin.logentry", "pk": 30, "fields": {"action_time": "2024-10-16T11:35:05.811Z", "user": 1, "content_type": 7, "object_id": "10", "object_repr": "Санитарная обрезка", "action_flag": 3, "change_message": ""}}, {"model": "admin.logentry", "pk": 31, "fields": {"action_time": "2024-10-16T11:35:05.812Z", "user": 1, "content_type": 7, "object_id": "16", "object_repr": "Ремонт тротуаров", "action_flag": 3, "change_message": ""}}, {"model": "admin.logentry", "pk": 32, "fields": {"action_time": "2024-10-16T11:35:05.813Z", "user": 1, "content_type": 7, "object_id": "13", "object_repr": "Ремонт и содержание автополива", "action_flag": 3, "change_message": ""}}, {"model": "admin.logentry", "pk": 33, "fields": {"action_time": "2024-10-16T11:35:05.814Z", "user": 1, "content_type": 7, "object_id": "17", "object_repr": "Ремонт детских элементов", "action_flag": 3, "change_message": ""}}, {"model": "admin.logentry", "pk": 34, "fields": {"action_time": "2024-10-16T11:35:05.815Z", "user": 1, "content_type": 7, "object_id": "11", "object_repr": "Освещение - не работает", "action_flag": 3, "change_message": ""}}, {"model": "admin.logentry", "pk": 35, "fields": {"action_time": "2024-10-16T11:35:05.816Z", "user": 1, "content_type": 7, "object_id": "18", "object_repr": "Организация полива - вручную", "action_flag": 3, "change_message": ""}}, {"model": "admin.logentry", "pk": 36, "fields": {"action_time": "2024-10-16T11:35:05.817Z", "user": 1, "content_type": 7, "object_id": "12", "object_repr": "Не убранные улицы (санитарная очистка)", "action_flag": 3, "change_message": ""}}, {"model": "admin.logentry", "pk": 37, "fields": {"action_time": "2024-10-16T11:35:05.818Z", "user": 1, "content_type": 7, "object_id": "15", "object_repr": "Не убранные арычные сети", "action_flag": 3, "change_message": ""}}, {"model": "admin.logentry", "pk": 38, "fields": {"action_time": "2024-10-16T11:35:05.819Z", "user": 1, "content_type": 7, "object_id": "9", "object_repr": "Вывоз ТБО", "action_flag": 3, "change_message": ""}}, {"model": "admin.logentry", "pk": 39, "fields": {"action_time": "2024-10-16T11:35:15.535Z", "user": 1, "content_type": 7, "object_id": "21", "object_repr": "Консультация по компетенции", "action_flag": 1, "change_message": "[{\"added\": {}}]"}}, {"model": "admin.logentry", "pk": 40, "fields": {"action_time": "2024-10-16T11:35:29.196Z", "user": 1, "content_type": 7, "object_id": "22", "object_repr": "Вывоз ТБО (либо уборка после)", "action_flag": 1, "change_message": "[{\"added\": {}}]"}}, {"model": "admin.logentry", "pk": 41, "fields": {"action_time": "2024-10-16T11:35:37.319Z", "user": 1, "content_type": 7, "object_id": "23", "object_repr": "Уборка дворов (сан. очистка)", "action_flag": 1, "change_message": "[{\"added\": {}}]"}}, {"model": "admin.logentry", "pk": 42, "fields": {"action_time": "2024-10-16T11:36:35.085Z", "user": 1, "content_type": 7, "object_id": "24", "object_repr": "Вывоз валки", "action_flag": 1, "change_message": "[{\"added\": {}}]"}}, {"model": "admin.logentry", "pk": 43, "fields": {"action_time": "2024-10-16T11:36:41.996Z", "user": 1, "content_type": 7, "object_id": "25", "object_repr": "Вывоз веток", "action_flag": 1, "change_message": "[{\"added\": {}}]"}}, {"model": "admin.logentry", "pk": 44, "fields": {"action_time": "2024-10-16T11:36:54.322Z", "user": 1, "content_type": 7, "object_id": "26", "object_repr": "Ремонт и содержание автополива", "action_flag": 1, "change_message": "[{\"added\": {}}]"}}, {"model": "admin.logentry", "pk": 45, "fields": {"action_time": "2024-10-16T11:37:03.780Z", "user": 1, "content_type": 7, "object_id": "27", "object_repr": "Освещение не работает", "action_flag": 1, "change_message": "[{\"added\": {}}]"}}, {"model": "admin.logentry", "pk": 46, "fields": {"action_time": "2024-10-16T11:37:10.772Z", "user": 1, "content_type": 7, "object_id": "28", "object_repr": "Уборка улиц (сан. очистка)", "action_flag": 1, "change_message": "[{\"added\": {}}]"}}, {"model": "admin.logentry", "pk": 47, "fields": {"action_time": "2024-10-16T11:37:20.240Z", "user": 1, "content_type": 7, "object_id": "29", "object_repr": "Санитарная обрезка", "action_flag": 1, "change_message": "[{\"added\": {}}]"}}, {"model": "admin.logentry", "pk": 48, "fields": {"action_time": "2024-10-16T11:37:31.390Z", "user": 1, "content_type": 7, "object_id": "30", "object_repr": "Валка сухих/аварийных деревьев", "action_flag": 1, "change_message": "[{\"added\": {}}]"}}, {"model": "admin.logentry", "pk": 49, "fields": {"action_time": "2024-10-16T11:37:41.606Z", "user": 1, "content_type": 7, "object_id": "31", "object_repr": "Ремонт детских элементов", "action_flag": 1, "change_message": "[{\"added\": {}}]"}}, {"model": "admin.logentry", "pk": 50, "fields": {"action_time": "2024-10-16T11:37:48.316Z", "user": 1, "content_type": 7, "object_id": "32", "object_repr": "Другие вопросы", "action_flag": 1, "change_message": "[{\"added\": {}}]"}}, {"model": "admin.logentry", "pk": 51, "fields": {"action_time": "2024-10-17T11:39:42.345Z", "user": 1, "content_type": 10, "object_id": "1", "object_repr": "Вывоз ТБО (либо уборка после): Не вывозят мусор второй день", "action_flag": 1, "change_message": "[{\"added\": {}}]"}}, {"model": "admin.logentry", "pk": 52, "fields": {"action_time": "2024-10-17T11:39:51.212Z", "user": 1, "content_type": 10, "object_id": "2", "object_repr": "Вывоз ТБО (либо уборка после): Мусор на улице не убран", "action_flag": 1, "change_message": "[{\"added\": {}}]"}}, {"model": "admin.logentry", "pk": 53, "fields": {"action_time": "2024-10-17T11:39:59.444Z", "user": 1, "content_type": 10, "object_id": "3", "object_repr": "Вывоз ТБО (либо уборка после): Нужно вывести мусор после праздника", "action_flag": 1, "change_message": "[{\"added\": {}}]"}}, {"model": "admin.logentry", "pk": 54, "fields": {"action_time": "2024-10-17T11:40:07.616Z", "user": 1, "content_type": 10, "object_id": "4", "object_repr": "Вывоз ТБО (либо уборка после): Где обещанный вывоз ТБО?", "action_flag": 1, "change_message": "[{\"added\": {}}]"}}, {"model": "admin.logentry", "pk": 55, "fields": {"action_time": "2024-10-17T11:40:17.902Z", "user": 1, "content_type": 10, "object_id": "5", "object_repr": "Вывоз ТБО (либо уборка после): Контейнеры полные, нужен вывоз ТБО", "action_flag": 1, "change_message": "[{\"added\": {}}]"}}, {"model": "admin.logentry", "pk": 56, "fields": {"action_time": "2024-10-17T11:40:36.708Z", "user": 1, "content_type": 10, "object_id": "6", "object_repr": "Вывоз ТБО (либо уборка после): Мусор из контейнеров не вывозят", "action_flag": 1, "change_message": "[{\"added\": {}}]"}}, {"model": "admin.logentry", "pk": 57, "fields": {"action_time": "2024-10-17T11:40:42.824Z", "user": 1, "content_type": 10, "object_id": "7", "object_repr": "Вывоз ТБО (либо уборка после): Контейнеры с мусором полные, когда будет вывоз?", "action_flag": 1, "change_message": "[{\"added\": {}}]"}}, {"model": "admin.logentry", "pk": 58, "fields": {"action_time": "2024-10-17T11:40:51.918Z", "user": 1, "content_type": 10, "object_id": "8", "object_repr": "Вывоз ТБО (либо уборка после): Мусор давно не вывозят, двор грязный.", "action_flag": 1, "change_message": "[{\"added\": {}}]"}}, {"model": "admin.logentry", "pk": 59, "fields": {"action_time": "2024-10-17T11:40:59.147Z", "user": 1, "content_type": 10, "object_id": "9", "object_repr": "Вывоз ТБО (либо уборка после): Требуется срочная уборка мусора возле дома.", "action_flag": 1, "change_message": "[{\"added\": {}}]"}}, {"model": "admin.logentry", "pk": 60, "fields": {"action_time": "2024-10-17T11:41:07.252Z", "user": 1, "content_type": 10, "object_id": "10", "object_repr": "Вывоз ТБО (либо уборка после): Прошу организовать вывоз мусора.", "action_flag": 1, "change_message": "[{\"added\": {}}]"}}, {"model": "admin.logentry", "pk": 61, "fields": {"action_time": "2024-10-17T11:41:15.308Z", "user": 1, "content_type": 10, "object_id": "11", "object_repr": "Вывоз ТБО (либо уборка после): Мусорный бак переполнен, мусор разлетается по улиц", "action_flag": 1, "change_message": "[{\"added\": {}}]"}}, {"model": "admin.logentry", "pk": 62, "fields": {"action_time": "2024-10-18T10:18:23.785Z", "user": 1, "content_type": 4, "object_id": "2", "object_repr": "user", "action_flag": 1, "change_message": "[{\"added\": {}}]"}}, {"model": "admin.logentry", "pk": 63, "fields": {"action_time": "2024-10-18T10:49:50.483Z", "user": 1, "content_type": 7, "object_id": "33", "object_repr": "удалить", "action_flag": 3, "change_message": ""}}, {"model": "admin.logentry", "pk": 64, "fields": {"action_time": "2024-10-18T11:12:19.802Z", "user": 1, "content_type": 8, "object_id": "14", "object_repr": "Заявка от shahruhabd в категории Вывоз ТБО (либо уборка после)", "action_flag": 3, "change_message": ""}}, {"model": "admin.logentry", "pk": 65, "fields": {"action_time": "2024-10-18T11:12:19.804Z", "user": 1, "content_type": 8, "object_id": "13", "object_repr": "Заявка от shahruhabd в категории Вывоз ТБО (либо уборка после)", "action_flag": 3, "change_message": ""}}, {"model": "admin.logentry", "pk": 66, "fields": {"action_time": "2024-10-18T11:12:19.806Z", "user": 1, "content_type": 8, "object_id": "12", "object_repr": "Заявка от shahruhabd в категории Вывоз ТБО (либо уборка после)", "action_flag": 3, "change_message": ""}}, {"model": "admin.logentry", "pk": 67, "fields": {"action_time": "2024-10-18T11:12:19.807Z", "user": 1, "content_type": 8, "object_id": "11", "object_repr": "Заявка от shahruhabd в категории Отключение электричества", "action_flag": 3, "change_message": ""}}, {"model": "admin.logentry", "pk": 68, "fields": {"action_time": "2024-10-18T11:12:19.809Z", "user": 1, "content_type": 8, "object_id": "10", "object_repr": "Заявка от shahruhabd в категории Отключение электричества", "action_flag": 3, "change_message": ""}}, {"model": "admin.logentry", "pk": 69, "fields": {"action_time": "2024-10-18T11:12:19.812Z", "user": 1, "content_type": 8, "object_id": "9", "object_repr": "Заявка от shahruhabd в категории Отключение электричества", "action_flag": 3, "change_message": ""}}, {"model": "admin.logentry", "pk": 70, "fields": {"action_time": "2024-10-18T11:12:19.813Z", "user": 1, "content_type": 8, "object_id": "8", "object_repr": "Заявка от shahruhabd в категории Отключение электричества", "action_flag": 3, "change_message": ""}}, {"model": "admin.logentry", "pk": 71, "fields": {"action_time": "2024-10-18T11:12:19.815Z", "user": 1, "content_type": 8, "object_id": "7", "object_repr": "Заявка от shahruhabd в категории Вывоз ТБО (либо уборка после)", "action_flag": 3, "change_message": ""}}, {"model": "admin.logentry", "pk": 72, "fields": {"action_time": "2024-10-18T11:12:19.816Z", "user": 1, "content_type": 8, "object_id": "6", "object_repr": "Заявка от shahruhabd в категории Открытый люк на дороге", "action_flag": 3, "change_message": ""}}, {"model": "admin.logentry", "pk": 73, "fields": {"action_time": "2024-10-18T11:12:19.818Z", "user": 1, "content_type": 8, "object_id": "5", "object_repr": "Заявка от shahruhabd в категории Открытый люк на дороге", "action_flag": 3, "change_message": ""}}, {"model": "admin.logentry", "pk": 74, "fields": {"action_time": "2024-10-18T11:12:19.819Z", "user": 1, "content_type": 8, "object_id": "4", "object_repr": "Заявка от shahruhabd в категории Открытый люк на дороге", "action_flag": 3, "change_message": ""}}, {"model": "admin.logentry", "pk": 75, "fields": {"action_time": "2024-10-18T11:12:19.820Z", "user": 1, "content_type": 8, "object_id": "3", "object_repr": "Заявка от shahruhabd в категории Открытый люк на дороге", "action_flag": 3, "change_message": ""}}, {"model": "admin.logentry", "pk": 76, "fields": {"action_time": "2024-10-18T11:12:19.821Z", "user": 1, "content_type": 8, "object_id": "2", "object_repr": "Заявка от shahruhabd в категории Вывоз ТБО (либо уборка после)", "action_flag": 3, "change_message": ""}}, {"model": "admin.logentry", "pk": 77, "fields": {"action_time": "2024-10-18T11:12:19.822Z", "user": 1, "content_type": 8, "object_id": "1", "object_repr": "Заявка от shahruhabd в категории Вывоз ТБО (либо уборка после)", "action_flag": 3, "change_message": ""}}, {"model": "admin.logentry", "pk": 78, "fields": {"action_time": "2024-10-18T11:27:19.830Z", "user": 1, "content_type": 10, "object_id": "110", "object_repr": "Ремонт детских элементов: Ломается качель на детской площадке, нужно срочно ", "action_flag": 1, "change_message": "[{\"added\": {}}]"}}, {"model": "admin.logentry", "pk": 79, "fields": {"action_time": "2024-10-18T11:27:28.496Z", "user": 1, "content_type": 10, "object_id": "111", "object_repr": "Ремонт детских элементов: Карусель на детской площадке сломана, дети не могу", "action_flag": 1, "change_message": "[{\"added\": {}}]"}}, {"model": "admin.logentry", "pk": 80, "fields": {"action_time": "2024-10-18T11:27:44.915Z", "user": 1, "content_type": 10, "object_id": "112", "object_repr": "Ремонт детских элементов: Горка на детской площадке повреждена, требуется ре", "action_flag": 1, "change_message": "[{\"added\": {}}]"}}, {"model": "admin.logentry", "pk": 81, "fields": {"action_time": "2024-10-18T11:27:52.340Z", "user": 1, "content_type": 10, "object_id": "113", "object_repr": "Ремонт детских элементов: На детской площадке порвалась защитная сетка на иг", "action_flag": 1, "change_message": "[{\"added\": {}}]"}}, {"model": "admin.logentry", "pk": 82, "fields": {"action_time": "2024-10-18T11:28:01.369Z", "user": 1, "content_type": 10, "object_id": "114", "object_repr": "Ремонт детских элементов: Лестница на детском городке шатается, опасно для д", "action_flag": 1, "change_message": "[{\"added\": {}}]"}}, {"model": "admin.logentry", "pk": 83, "fields": {"action_time": "2024-10-18T11:28:10.329Z", "user": 1, "content_type": 10, "object_id": "115", "object_repr": "Ремонт детских элементов: Качели сильно скрипят, необходима смазка или ремон", "action_flag": 1, "change_message": "[{\"added\": {}}]"}}, {"model": "admin.logentry", "pk": 84, "fields": {"action_time": "2024-10-18T11:28:18.076Z", "user": 1, "content_type": 10, "object_id": "116", "object_repr": "Ремонт детских элементов: Песочница сломана, доски торчат и представляют опа", "action_flag": 1, "change_message": "[{\"added\": {}}]"}}, {"model": "admin.logentry", "pk": 85, "fields": {"action_time": "2024-10-18T11:28:25.966Z", "user": 1, "content_type": 10, "object_id": "117", "object_repr": "Ремонт детских элементов: Одно из сидений на качелях сломано, требуется заме", "action_flag": 1, "change_message": "[{\"added\": {}}]"}}, {"model": "admin.logentry", "pk": 86, "fields": {"action_time": "2024-10-18T11:28:34.522Z", "user": 1, "content_type": 10, "object_id": "118", "object_repr": "Ремонт детских элементов: Разбитое стекло на игровой площадке, нужно срочно ", "action_flag": 1, "change_message": "[{\"added\": {}}]"}}, {"model": "admin.logentry", "pk": 87, "fields": {"action_time": "2024-10-18T11:28:42.441Z", "user": 1, "content_type": 10, "object_id": "119", "object_repr": "Ремонт детских элементов: На горке на детской площадке трещина, требуется ре", "action_flag": 1, "change_message": "[{\"added\": {}}]"}}, {"model": "admin.logentry", "pk": 88, "fields": {"action_time": "2024-10-18T11:32:42.490Z", "user": 1, "content_type": 10, "object_id": "120", "object_repr": "Ремонт детских элементов: Качели на детской площадке сломаны, необходимо поч", "action_flag": 1, "change_message": "[{\"added\": {}}]"}}, {"model": "admin.logentry", "pk": 89, "fields": {"action_time": "2024-10-18T11:32:51.697Z", "user": 1, "content_type": 10, "object_id": "121", "object_repr": "Ремонт детских элементов: Горка на детской площадке сломана, дети не могут е", "action_flag": 1, "change_message": "[{\"added\": {}}]"}}, {"model": "admin.logentry", "pk": 90, "fields": {"action_time": "2024-10-18T11:39:05.805Z", "user": 1, "content_type": 10, "object_id": "122", "object_repr": "Ремонт детских элементов: В песочнице треснула одна из стенок, она стала неб", "action_flag": 1, "change_message": "[{\"added\": {}}]"}}, {"model": "admin.logentry", "pk": 91, "fields": {"action_time": "2024-10-18T11:39:21.541Z", "user": 1, "content_type": 10, "object_id": "123", "object_repr": "Ремонт детских элементов: Карусель на детской площадке плохо закреплена, ест", "action_flag": 1, "change_message": "[{\"added\": {}}]"}}, {"model": "admin.logentry", "pk": 92, "fields": {"action_time": "2024-10-18T11:39:24.373Z", "user": 1, "content_type": 10, "object_id": "124", "object_repr": "Ремонт детских элементов: Спортивный комплекс на детской площадке заржавел, ", "action_flag": 1, "change_message": "[{\"added\": {}}]"}}, {"model": "admin.logentry", "pk": 93, "fields": {"action_time": "2024-10-18T11:39:33.855Z", "user": 1, "content_type": 10, "object_id": "125", "object_repr": "Ремонт детских элементов: На горке отсутствует несколько ступеней на лестниц", "action_flag": 1, "change_message": "[{\"added\": {}}]"}}, {"model": "admin.logentry", "pk": 94, "fields": {"action_time": "2024-10-18T11:39:46.071Z", "user": 1, "content_type": 10, "object_id": "126", "object_repr": "Ремонт детских элементов: Забор вокруг детской площадки разрушен, дети могут", "action_flag": 1, "change_message": "[{\"added\": {}}]"}}, {"model": "admin.logentry", "pk": 95, "fields": {"action_time": "2024-10-18T12:15:17.649Z", "user": 1, "content_type": 10, "object_id": "127", "object_repr": "Санитарная обрезка: обрезка сухих веток", "action_flag": 1, "change_message": "[{\"added\": {}}]"}}, {"model": "admin.logentry", "pk": 96, "fields": {"action_time": "2024-10-18T12:16:04.659Z", "user": 1, "content_type": 10, "object_id": "128", "object_repr": "Санитарная обрезка: На деревьях во дворе много сухих веток, их нужно о", "action_flag": 1, "change_message": "[{\"added\": {}}]"}}, {"model": "admin.logentry", "pk": 97, "fields": {"action_time": "2024-10-18T12:16:18.378Z", "user": 1, "content_type": 10, "object_id": "129", "object_repr": "Санитарная обрезка: Огромные ветки нависают над дорогой", "action_flag": 1, "change_message": "[{\"added\": {}}]"}}, {"model": "admin.logentry", "pk": 98, "fields": {"action_time": "2024-10-18T12:16:27.824Z", "user": 1, "content_type": 10, "object_id": "130", "object_repr": "Санитарная обрезка: Ветки деревьев нависают над проезжей частью, их не", "action_flag": 1, "change_message": "[{\"added\": {}}]"}}, {"model": "admin.logentry", "pk": 99, "fields": {"action_time": "2024-10-18T12:16:42.669Z", "user": 1, "content_type": 10, "object_id": "131", "object_repr": "Санитарная обрезка: Деревья закрывают окна", "action_flag": 1, "change_message": "[{\"added\": {}}]"}}, {"model": "admin.logentry", "pk": 100, "fields": {"action_time": "2024-10-18T12:16:59.896Z", "user": 1, "content_type": 10, "object_id": "132", "object_repr": "Санитарная обрезка: Ветки деревьев выросли так сильно, что закрывают о", "action_flag": 1, "change_message": "[{\"added\": {}}]"}}, {"model": "admin.logentry", "pk": 101, "fields": {"action_time": "2024-10-18T12:19:05.815Z", "user": 1, "content_type": 10, "object_id": "133", "object_repr": "Вывоз ТБО (либо уборка после): Здравствуйте Это уже сегодня мусорка. Утром вывезл", "action_flag": 1, "change_message": "[{\"added\": {}}]"}}, {"model": "admin.logentry", "pk": 102, "fields": {"action_time": "2024-10-18T12:33:07.048Z", "user": 1, "content_type": 10, "object_id": "134", "object_repr": "Валка сухих/аварийных деревьев: Дерево наклонилось и может упасть", "action_flag": 1, "change_message": "[{\"added\": {}}]"}}, {"model": "admin.logentry", "pk": 103, "fields": {"action_time": "2024-10-18T12:33:18.692Z", "user": 1, "content_type": 10, "object_id": "135", "object_repr": "Валка сухих/аварийных деревьев: Дерево во дворе сильно наклонилось, оно может упас", "action_flag": 1, "change_message": "[{\"added\": {}}]"}}, {"model": "admin.logentry", "pk": 104, "fields": {"action_time": "2024-10-18T12:33:27.513Z", "user": 1, "content_type": 10, "object_id": "136", "object_repr": "Валка сухих/аварийных деревьев: Упавшие деревья заблокировали проход", "action_flag": 1, "change_message": "[{\"added\": {}}]"}}, {"model": "admin.logentry", "pk": 105, "fields": {"action_time": "2024-10-18T12:35:10.106Z", "user": 1, "content_type": 10, "object_id": "137", "object_repr": "Валка сухих/аварийных деревьев: Сухие деревья у дороги мешают видимости", "action_flag": 1, "change_message": "[{\"added\": {}}]"}}, {"model": "admin.logentry", "pk": 106, "fields": {"action_time": "2024-10-18T12:35:18.297Z", "user": 1, "content_type": 10, "object_id": "138", "object_repr": "Валка сухих/аварийных деревьев: Сухие деревья возле дороги закрывают видимость для", "action_flag": 1, "change_message": "[{\"added\": {}}]"}}, {"model": "admin.logentry", "pk": 107, "fields": {"action_time": "2024-10-18T12:35:25.859Z", "user": 1, "content_type": 10, "object_id": "139", "object_repr": "Валка сухих/аварийных деревьев: Аварийные деревья могут упасть на линию электропер", "action_flag": 1, "change_message": "[{\"added\": {}}]"}}, {"model": "admin.logentry", "pk": 108, "fields": {"action_time": "2024-10-18T12:35:34.078Z", "user": 1, "content_type": 10, "object_id": "140", "object_repr": "Валка сухих/аварийных деревьев: Деревья возле линии электропередач аварийные, могу", "action_flag": 1, "change_message": "[{\"added\": {}}]"}}, {"model": "admin.logentry", "pk": 109, "fields": {"action_time": "2024-10-18T12:35:43.062Z", "user": 1, "content_type": 10, "object_id": "141", "object_repr": "Валка сухих/аварийных деревьев: Опасные деревья на детской площадке", "action_flag": 1, "change_message": "[{\"added\": {}}]"}}, {"model": "admin.logentry", "pk": 110, "fields": {"action_time": "2024-10-18T12:35:53.809Z", "user": 1, "content_type": 10, "object_id": "142", "object_repr": "Валка сухих/аварийных деревьев: На детской площадке много сухих деревьев, которые ", "action_flag": 1, "change_message": "[{\"added\": {}}]"}}, {"model": "auth.user", "pk": 1, "fields": {"password": "pbkdf2_sha256$720000$yk3xPRvyDQWe0RHE8JpSqZ$zdXSvdtJBuanX0aHi6F75/MzR4daF7aFTbAs0Zw7sPA=", "last_login": "2024-10-19T07:17:24.748Z", "is_superuser": true, "username": "admin", "first_name": "", "last_name": "", "email": "", "is_staff": true, "is_active": true, "date_joined": "2024-10-16T06:54:32.150Z", "groups": [], "user_permissions": []}}, {"model": "auth.user", "pk": 2, "fields": {"password": "pbkdf2_sha256$720000$JXrX1XWFDDIXvD2S2Vct4e$0HQX6VHYmGWWegJ5CgMGczdCVLCYv7hacaZDEirXU5s=", "last_login": "2024-10-19T07:09:47.477Z", "is_superuser": false, "username": "user", "first_name": "", "last_name": "", "email": "", "is_staff": false, "is_active": true, "date_joined": "2024-10-18T10:18:23.613Z", "groups": [], "user_permissions": []}}, {"model": "sessions.session", "pk": "pg84clbzrz9t595rr1vibts31rm6a7rc", "fields": {"session_data": ".eJxVjEEOwiAQRe_C2hBgOgIu3fcMZICpVA0kpV0Z765NutDtf-_9lwi0rSVsnZcwZ3ERWpx-t0jpwXUH-U711mRqdV3mKHdFHrTLsWV-Xg_376BQL98aPSkAdIQx2YSODXg_AJ4pKYOM0Rni6OIAekKdyYIimylNTntvGcT7A89EN6U:1t23iG:FSH6cO6yyCYBYfebnSqt6v1QYkoUX3SGh9TMu-bf6HM", "expire_date": "2024-11-02T07:17:24.749Z"}}, {"model": "sessions.session", "pk": "qgxhouajjn3opcabf2poareii541o250", "fields": {"session_data": ".eJxVjMEOwiAQRP-FsyGsULZ49O43kAUWqRpISnsy_rtt0oOeJpn3Zt7C07oUv3ae_ZTERYA4_XaB4pPrDtKD6r3J2OoyT0Huijxol7eW-HU93L-DQr1sazQIqIAxElIIOYPbgoNxWjlHGkarBseoQ9TqbKyF0cCggVTGzI7E5wvbojds:1t1k2o:cS1kjtAHAQ5GyMFmASv__cNzz5L4av8uZfijcyUNruo", "expire_date": "2024-11-01T10:17:18.877Z"}}, {"model": "sessions.session", "pk": "s7o06caupjm38404vm3nm9c8zp2ighkg", "fields": {"session_data": ".eJxVjMEOwiAQRP-FsyGsULZ49O43kAUWqRpISnsy_rtt0oOeJpn3Zt7C07oUv3ae_ZTERYA4_XaB4pPrDtKD6r3J2OoyT0Huijxol7eW-HU93L-DQr1sazQIqIAxElIIOYPbgoNxWjlHGkarBseoQ9TqbKyF0cCggVTGzI7E5wvbojds:1t1kY6:chJljGFy0e-jNDHFV9LnBYfibdAmxGCdDClu6OFMwO0", "expire_date": "2024-11-01T10:49:38.525Z"}}]